About Standard Ebooks,,,,
"Standard Ebooks is a volunteer-driven effort to produce a collection of high quality, carefully formatted, 
accessible, open source, and free public domain ebooks that meet or exceed the quality of commercia-
lly produced ebooks. The text and cover art in our ebooks are already believed to be in the U.S. public 
domain, and Standard Ebooks dedicates its own work to the public domain, thus releasing the entirety 
of each ebook file into the public domain. All the ebooks we produce are distributed free of cost and 
free of U.S. copyright restrictions.",,,,
"Standard Ebooks is organized as a “low-profit L.L.C.,” or “L3C,” a kind of legal entity that blends the 
charitable focus of a traditional not-for-profit with the ease of organization and maintenance of a regular 
L.L.C. Our only source of income is donations from readers like you.",,,,
"You can find more information about Standard Ebooks and help them by clicking the 1st link in the cell below.
You can donate (one-time or a monthly donation), sponsor a book or even create an ebook for them if you
have experience in creating ebooks. You will have to follow their Manual of Style. You can find all about it by
clicking the second link below.",,,,
Find Out More,,Get Involved,,Donate
,,,,
Sheet,About,,,
Books,"Books are arranged in the order of publication on the Standard Ebooks website. 
So, the first book (The Princess of Mars by Edgar Rice Burroughs) is given the SE No. 
(Standard Ebooks No.) of 0000001.",,,
,Book Titles and Author Names are taken directly from the main page. ,,,
,"Information regarding Genre, Number of Words, Time, Reading Ease (both the number
and the category), Translator, Illustrator and Part of a Series (Yes or No) are all taken 
from the particular page of the respective ebook.",,,
,"Publication Year, Original Language, the information regarding the Cover Page 
Artwork, Typefaces and Release Date (on Standard Ebooks) are taken from the 
colophon of each book.
Publication Years are tricky. With some books, all the information available did not point to 
a fixed year. In some cases, it was just ""This book was published in the 5th century BC"". 
Some books were published serially in magazines before getting published in book form. 
So there are going to be some differences in the publication years from different sources.",,,
,"You can download each book (in different formats) or read it online by clicking on the 
Download link of each book in the Download (or Read Online) column. It will take you 
to the particular book's page on the Standard Ebooks website. Scroll down to find the 
download links for compatible epub, Kindle, Kobo and advanced epub in the ""Download 
for ereaders"" section. There is also the option to Read online just below.",,,
"Series and 
Collections","A list of all the Series (like Sherlock Holmes, Poirot, Voyages Extraordinaires), Collections 
(like BBC, The Guardian, Le Monde, Modern Library and Telegraph's lists of 100 Best 
Novels/Biography/Poetry) and Prize Winners lists (like Pulitzer, Newbery Medal, James 
Tait Black Memorial Prize, Harper Novel Prize, etc.).",,,
,"Some of the books in a list or a series are not available on the Standard Ebooks website 
since they are not in the public domain yet.",,,
,"Lists can be expanded and collapsed using the plus and minus sign at the left of the row 
numbers. ",,,
Part of a Series,You can apply filters and find the books in different series in a particular order.,,,
,"Frankly, I don't know why I decided to create this (whatever this particular sheet is) before 
creating the more sensible ""Series and Collections"" sheet.",,,
"Part of a List 
or a Collection","Same as the ""Part of a Series"" sheet. Originally, I had all the series, collections and prize 
lists all together in one sheet. But then it looked too cluttered (not that it doesn't look any 
less cluttered now). Like I said, I don't know what madness overtook me when I decided 
to create these sheets.",,,